0,1,2,3,4,5,6,7,8,9,10
Churro,"Los Angeles, CA",Sr. Churro,Restaurante,4.7,21,"11019 S Alameda St, Los Angeles, CA 90059, Estados Unidos","
+1 323-629-1092",,,
Churro,"Los Angeles, CA",crepes n churros,Crepería,3.5,11,"2744 1st St, Los Angeles, CA 90033, Estados Unidos",,,,
Churro,"Los Angeles, CA",Churros carrusel,Tienda de postres,4.5,15,"Churros carrusel, Los Angeles, CA 90003, Estados Unidos",,,,
Churro,"Los Angeles, CA",Chevitos Churros Y Mas,Restaurante,3.7,3,"10816 S Vermont Ave Suite A, Los Angeles, CA 90044, Estados Unidos","
+1 310-425-6784","Chevitoschurrosymas@gmail.com,13e49d785d8d4f828038b6136f3b48ba@sentry.io",https://chevitoschurrosymas.square.site/s/order?location=11ecc502ceb8d13fba48ac1f6bbbd01e&customer_seat_id=11ecc7c2201f56a6a53c166a33ea969f,
Churro,"Los Angeles, CA",Churro Factory,Churrería,5.0,1,"5333 Zoo Dr, Los Angeles, CA 90027, Estados Unidos",,,,
Churro,"Los Angeles, CA",Churros y platanos,Churrería,5.0,17,"Los Angeles, CA 90034, Estados Unidos",,,,
Churro,"Los Angeles, CA",The Churros Bros,Churrería,3.7,3,"738 S Fetterly Ave, Los Angeles, CA 90022, Estados Unidos",,,,
Churro,"Los Angeles, CA",Churros La Paloma,Mobile caterer,4.3,20,"6101 S Central Ave, Los Angeles, CA 90001, Estados Unidos","
+1 213-924-2649",,,
Churro,"Los Angeles, CA",Churros el torrrro,Tienda de postres,4.5,2,"1104 Hoover St, Los Angeles, CA 90006, Estados Unidos","
+1 213-531-6707",,,
Churro,"Los Angeles, CA",The Churro Joint,Churrería,4.7,19,"905 S Prairie Ave Ste. D, Inglewood, CA 90301, Estados Unidos",,,,
