Industry,Location,Name,Description,Stars (out of 5),Number of Reviews,Address,Phone,Emails,Website
Churros,"Los Angeles, CA",Mr. Churro,·$,4.3,493,"E-12 Olvera St # C, Los Angeles, CA 90012, Estados Unidos",,,
Churros,"Los Angeles, CA",Ridges Churro Bar,Tienda de postres,2.8,4,"Los Angeles, CA 90014, Estados Unidos",,,http://instagram.com/ridgeschurrobar
Churros,"Los Angeles, CA",La Churreria,Tienda de postres,3.7,3,"532 S Olive St, Los Angeles, CA 90013, Estados Unidos",,,
Churros,"Los Angeles, CA",Churros El Gorilla,Restaurante de postres,5,11,"5525 Sunset Blvd, Los Angeles, CA 90028, Estados Unidos","
+1 747-258-8650",,
Churros,"Los Angeles, CA",Churros Estilo Guadalajara,Tienda de postres,4.8,10,"4025 S Central Ave, Los Angeles, CA 90011, Estados Unidos","
+1 323-604-8135",,
Churros,"Los Angeles, CA",Churros El Bochito,Restaurante,4.2,20,"1157 Cypress Ave, Los Angeles, CA 90065, Estados Unidos",,,
Churros,"Los Angeles, CA",crepes n churros,Crepería,3.5,11,"2744 1st St, Los Angeles, CA 90033, Estados Unidos","
+1 323-338-1863",,
Churros,"Los Angeles, CA",Sr. Churro,Restaurante,4.7,21,"11019 S Alameda St, Los Angeles, CA 90059, Estados Unidos","
+1 323-629-1092",,
Churros,"Los Angeles, CA",Salinas Churros,Churrería,3.7,34,"918 S Lorena St, Los Angeles, CA 90023, Estados Unidos",,,https://instagram.com/salinaschurros?igshid=YmMyMTA2M2Y=
Churros,"Los Angeles, CA",Churros carrusel,Tienda de postres,4.5,15,"Churros carrusel, Los Angeles, CA 90003, Estados Unidos",,,
Churros,"Los Angeles, CA",Churros el torrrro,Tienda de postres,4.5,2,"1104 Hoover St, Los Angeles, CA 90006, Estados Unidos","
+1 213-531-6707",,
Churros,"Los Angeles, CA",Churro Factory,Churrería,5,1,"5333 Zoo Dr, Los Angeles, CA 90027, Estados Unidos",,,
Churros,"Los Angeles, CA",Churros y platanos,Churrería,5,17,"Los Angeles, CA 90034, Estados Unidos",,,
Churros,"Los Angeles, CA",Churros La Paloma,Mobile caterer,4.3,20,"6101 S Central Ave, Los Angeles, CA 90001, Estados Unidos",,,
Churros,"Los Angeles, CA",The Churros Bros,Churrería,3.7,3,"738 S Fetterly Ave, Los Angeles, CA 90022, Estados Unidos",,,
Churros,"Los Angeles, CA",Azucanela Churros & Coffee - Culver City (Westfield Mall),Tienda de postres,4.5,28,"Westfield Mall(2nd Floor next to macys, 6000 Sepulveda Blvd #2507, Culver City, CA 90230, Estados Unidos","
+1 310-313-3619",info@azucanela.com,https://www.azucanela.com/
Churros,"Los Angeles, CA",Churro Factory,Churrería,5,1,"5333 Zoo Dr, Los Angeles, CA 90027, Estados Unidos",,,
Churros,"Los Angeles, CA",The Churros Bros,Churrería,3.7,3,"738 S Fetterly Ave, Los Angeles, CA 90022, Estados Unidos",,,
Churros,"Los Angeles, CA",Lucero Bakery,·$,4.4,612,"6307 E Gage Ave, Commerce, CA 90040, Estados Unidos","
+1 323-560-8955",,
Churros,"Los Angeles, CA",The Churro Joint,Churrería,4.7,19,"905 S Prairie Ave Ste. D, Inglewood, CA 90301, Estados Unidos","
+1 424-227-8069",,
Churros,"Los Angeles, CA",Los Angeles Churros Catering,Catering food and drink supplier,5,40,,"
+1 818-397-6030",,https://losangeleschurroscatering.com/
Churros,"Los Angeles, CA",CHURROSMX,Churrería,5,8,"1431 S Atlantic Blvd, East Los Angeles, Los Angeles, CA 90022, Estados Unidos",,,
Churros,"Los Angeles, CA",Lucero Cafe,·$$,4.6,160,"6200 E Gage Ave, Bell Gardens, CA 90201, Estados Unidos",,,https://voltd.top/lucero-cafe
Churros,"Los Angeles, CA",Churros El Bom Bon,Churrería,4.6,15,"14104 S Vermont Ave, Gardena, CA 90247, Estados Unidos","
+1 310-422-4160",,
Churreria,"Los Angeles, CA",Mr. Churro,·$,4.3,493,"E-12 Olvera St # C, Los Angeles, CA 90012, Estados Unidos","
+1 213-680-9036",,
Churreria,"Los Angeles, CA",La Churreria,Tienda de postres·,3.7,3,"532 S Olive St, Los Angeles, CA 90013, Estados Unidos",,,
Churreria,"Los Angeles, CA",Ridges Churro Bar,Tienda de postres·,2.8,4,"Los Angeles, CA 90014, Estados Unidos",,,http://instagram.com/ridgeschurrobar
Churreria,"Los Angeles, CA",Churros El Bom Bon,Churrería·,4.6,15,"14104 S Vermont Ave, Gardena, CA 90247, Estados Unidos","
+1 310-422-4160",,
Churreria,"Los Angeles, CA",Churros carrusel,Tienda de postres·,4.5,15,"Churros carrusel, Los Angeles, CA 90003, Estados Unidos",,,
Churreria,"Los Angeles, CA",Churros y platanos,Churrería,5,17,"Los Angeles, CA 90034, Estados Unidos",,,
Churreria,"Los Angeles, CA",Salinas Churros,Churrería·,3.7,34,"918 S Lorena St, Los Angeles, CA 90023, Estados Unidos",,,https://instagram.com/salinaschurros?igshid=YmMyMTA2M2Y=
Churreria,"Los Angeles, CA",The Churros Bros,Churrería·,3.7,3,"738 S Fetterly Ave, Los Angeles, CA 90022, Estados Unidos",,,
Churreria,"Los Angeles, CA",Churros Estilo Guadalajara,Tienda de postres·,4.8,10,"4025 S Central Ave, Los Angeles, CA 90011, Estados Unidos","
+1 323-604-8135",,
Churreria,"Los Angeles, CA",Churro Factory,Churrería·,5,1,"5333 Zoo Dr, Los Angeles, CA 90027, Estados Unidos",,,
Churreria,"Los Angeles, CA",CHURROSMX,Churrería,5,8,"1431 S Atlantic Blvd, East Los Angeles, Los Angeles, CA 90022, Estados Unidos",,,
Churreria,"Los Angeles, CA",crepes n churros,Crepería·,3.5,11,"2744 1st St, Los Angeles, CA 90033, Estados Unidos","
+1 323-338-1863",,
Churreria,"Los Angeles, CA",Churros el torrrro,Tienda de postres,4.5,2,"1104 Hoover St, Los Angeles, CA 90006, Estados Unidos","
+1 213-531-6707",,
Churreria,"Los Angeles, CA",Churros El Gorilla,Restaurante de postres,5,11,"5525 Sunset Blvd, Los Angeles, CA 90028, Estados Unidos",,,
Churreria,"Los Angeles, CA",Azucanela Churros & Coffee - Culver City (Westfield Mall),Tienda de postres·,4.5,28,"Westfield Mall(2nd Floor next to macys, 6000 Sepulveda Blvd #2507, Culver City, CA 90230, Estados Unidos","
+1 310-313-3619",info@azucanela.com,https://www.azucanela.com/
Churreria,"Los Angeles, CA",Churros El Bochito,Restaurante·,4.2,20,"1157 Cypress Ave, Los Angeles, CA 90065, Estados Unidos","
+1 213-820-0172",,
Churreria,"Los Angeles, CA",crepes n churros,Crepería·,3.5,11,"2744 1st St, Los Angeles, CA 90033, Estados Unidos","
+1 323-338-1863",,
Churreria,"Los Angeles, CA",The Churro Joint,Churrería·,4.7,19,"905 S Prairie Ave Ste. D, Inglewood, CA 90301, Estados Unidos","
+1 424-227-8069",,
Churreria,"Los Angeles, CA",Los Angeles Churros Catering,Catering food and drink supplier,5,40,,"
+1 818-397-6030",,https://losangeleschurroscatering.com/
Churreria,"Los Angeles, CA",Churrito loco,·$$,4.6,38,"5161 Pomona Blvd # 105, East Los Angeles, CA 90022, Estados Unidos",,"eatchurritoloco@gmail.com,605a7baede844d278b89dc95ae0a9123@sentry-next.wixpress.com,8eb368c655b84e029ed79ad7a5c1718e@sentry.wixpress.com",http://www.eatchurritoloco.com/
Churreria,"Los Angeles, CA",The Churro Man,Mobile caterer·,5,9,"2600 W Victory Blvd, Burbank, CA 91505, Estados Unidos","
+1 818-600-1163",info@elchurroman.com,http://www.elchurroman.com/
Churreria,"Los Angeles, CA",Churrería La Gracia LLC,Tienda de postres·,5,6,"VRHM+76, Long Beach, CA 90605, Estados Unidos",,,
Churreria,"Los Angeles, CA",Churros el torrrro,Tienda de postres,4.5,2,"1104 Hoover St, Los Angeles, CA 90006, Estados Unidos","
+1 213-531-6707",,
